{"mean": [6.169676616915423], "scale": [1.0544425774572668]}