{"mean": [109.69768656716418, 10702168.089800995, 0.6843283582089552, 1.7570166169154229, 36.198507462686564, 0.5606641123882503, 1.7424408173690933, 34.57854406130268, 35.8619884867322, 1.7506802717900642, 2.9350746268656716], "scale": [28.453079507392495, 23129139.729189236, 0.4647828055769609, 0.09640402005148477, 12.188278267481678, 0.49630622146830455, 0.09832562962405401, 12.044842400232595, 9.915309399809558, 0.07548221179893114, 2.1879392652132]}